instant,season,yr,mnth,hr,holiday,weekday,weekend,workingday,weathersit,temp,atemp,hum,windspeed,windspeed_mph,comfindex,casual,registered,cnt
17379.0,17379.0,17379.0,17379.0,17379.0,17379.0,17379.0,17379.0,17379.0,17379.0,17379.0,17379.0,17379.0,17379.0,17379.0,17379.0,17379.0,17379.0,17379.0
8690.0,2.4970366534323034,0.5025605615973301,6.537775476149376,11.546751826917545,0.028770355026181024,3.003682605443351,0.2885091202025433,0.6827205247712756,1.425283387997008,1.6622555958340526,0.4757751021347604,0.6276360837792738,0.18799435525634386,12.736473502503019,0.3532149720927556,35.67621842453536,153.78686920996606,189.46308763450142
5017.029499614288,1.1089928749389808,0.5000078290910197,3.4387757137501653,6.9144050952644935,0.16716527638437123,2.005771456110988,0.453082133742042,0.46543063352388286,0.6393568777542534,5.9142831513176946,0.17185021563535943,0.19196043046109035,0.13186890813139848,8.19677122859822,0.15033022745049748,49.30503038705308,151.35728591258314,181.38759909186473
1.0,0.0,0.0,1.0,0.0,0.0,0.0,0.0,0.0,1.0,0.02,0.0,0.0,-1.0,0.0,-0.08,0.0,0.0,1.0
4345.5,2.0,0.0,4.0,6.0,0.0,1.0,0.0,0.0,1.0,0.34,0.3333,0.48,0.1045,7.002,0.231,4.0,34.0,40.0
8690.0,3.0,1.0,7.0,12.0,0.0,3.0,0.0,1.0,1.0,0.5,0.4848,0.63,0.194,12.998,0.357,17.0,115.0,142.0
13034.5,3.0,1.0,10.0,18.0,0.0,5.0,1.0,1.0,2.0,0.66,0.6212,0.78,0.2537,16.998,0.475,48.0,220.0,281.0
17379.0,4.0,1.0,12.0,23.0,1.0,6.0,1.0,1.0,4.0,41.0,1.0,1.0,0.8507,56.997,0.753,367.0,886.0,977.0
